set,arm,No_dBHz,payload_kb,seed,result,wall_s,snr_ab,snr_ba,vtime_s,keys_a,keys_b,iters
ab-floor,emul,-8.82,0,1,pass,34,-3.4,-5.4,27.3,3,2,A:DATAC16=3.5/2 B:DATAC16=3.0/1 B:DATAC4=10.0/1
ab-floor,new,-8.82,0,1,pass,34,-3.4,-5.4,27.3,3,2,A:DATAC16=1.5/2 B:DATAC16=1.0/1 B:DATAC4=3.0/1
ab-floor,trunk,-8.82,0,1,pass,34,-3.4,-5.4,27.32,3,2,
ab-floor,emul,-8.82,0,2,pass,34,-3.4,-5.4,27.3,3,2,A:DATAC16=6.5/2 B:DATAC16=3.0/1 B:DATAC4=10.0/1
ab-floor,new,-8.82,0,2,pass,34,-3.4,-5.4,27.34,3,2,A:DATAC16=1.0/2 B:DATAC16=1.0/1 B:DATAC4=3.0/1
ab-floor,trunk,-8.82,0,2,pass,64,-3.3,-5.3,49.76,4,2,
ab-floor,emul,-7.82,0,1,pass,34,-4.4,-6.4,27.3,3,2,A:DATAC16=5.0/2 B:DATAC16=4.0/1 B:DATAC4=10.0/1
ab-floor,new,-7.82,0,1,pass,33,-4.4,-6.4,27.34,3,2,A:DATAC16=2.0/2 B:DATAC16=2.0/1 B:DATAC4=3.0/1
ab-floor,trunk,-7.82,0,1,pass,33,-4.4,-6.3,27.36,3,2,
ab-floor,emul,-7.82,0,2,pass,34,-4.4,-6.4,27.34,3,2,A:DATAC16=7.5/2 B:DATAC16=4.0/1 B:DATAC4=10.0/1
ab-floor,new,-7.82,0,2,pass,34,-4.4,-6.4,27.32,3,2,A:DATAC16=1.5/2 B:DATAC16=1.0/1 B:DATAC4=4.0/1
ab-floor,trunk,-7.82,0,2,pass,34,-4.4,-6.4,27.32,3,2,
ab-floor,emul,-6.82,0,1,pass,33,-5.4,-7.3,27.42,3,2,A:DATAC16=3.5/2 B:DATAC16=6.0/1 B:DATAC4=7.0/1
ab-floor,new,-6.82,0,1,pass,34,-5.4,-7.3,27.34,3,2,A:DATAC16=2.0/2 B:DATAC16=3.0/1 B:DATAC4=5.0/1
ab-floor,trunk,-6.82,0,1,pass,34,-5.4,-7.3,27.32,3,2,
ab-floor,emul,-6.82,0,2,pass,33,-5.4,-7.3,27.36,3,2,A:DATAC16=4.0/2 B:DATAC16=5.0/1 B:DATAC4=10.0/1
ab-floor,new,-6.82,0,2,pass,34,-5.4,-7.3,27.36,3,2,A:DATAC16=2.0/2 B:DATAC16=2.0/1 B:DATAC4=6.0/1
ab-floor,trunk,-6.82,0,2,pass,33,-5.4,-7.4,27.34,3,2,
ab-floor,emul,-5.82,0,1,pass,34,-6.4,-8.3,27.32,3,2,A:DATAC16=6.5/2 B:DATAC16=9.0/1 B:DATAC4=10.0/1
ab-floor,new,-5.82,0,1,pass,43,-6.4,-5.8,37.04,3,2,A:DATAC16=2.0/1 B:DATAC16=4.0/1 B:DATAC4=7.0/1
ab-floor,trunk,-5.82,0,1,pass,43,-6.4,-5.8,37.02,3,2,
ab-floor,emul,-5.82,0,2,pass,44,-6.4,-5.8,37.02,3,2,A:DATAC16=5.0/1 B:DATAC16=6.0/1 B:DATAC4=10.0/1
ab-floor,new,-5.82,0,2,pass,43,-6.4,-5.8,37.02,3,2,A:DATAC16=3.0/1 B:DATAC16=3.0/1 B:DATAC4=8.0/1
ab-floor,trunk,-5.82,0,2,pass,70,-6.3,-5.8,55.78,4,2,
ab-floor,emul,-4.82,0,1,pass,79,-7.2,-6.8,65.08,4,2,A:DATAC16=6.0/1 B:DATAC16=9.0/1 B:DATAC4=10.0/1
ab-floor,new,-4.82,0,1,pass,76,-6.8,-9.1,61.74,4,2,A:DATAC16=4.0/1 B:DATAC16=51.5/2
ab-floor,trunk,-4.82,0,1,pass,50,-6.8,-9.1,36.2,4,2,
ab-floor,emul,-4.82,0,2,pass,39,-6.6,-9.1,25.14,3,2,A:DATAC16=8.0/1 B:DATAC16=7.0/1
ab-floor,new,-4.82,0,2,pass,39,-6.6,-9.1,25.14,3,2,A:DATAC16=5.0/1 B:DATAC16=4.0/1
ab-floor,trunk,-4.82,0,2,pass,56,-6.6,-9.1,42.86,3,2,
ab-floor,emul,-3.82,0,1,pass,64,-7.6,-10.1,50.26,3,2,A:DATAC16=10.0/1 B:DATAC16=10.0/1
ab-floor,new,-3.82,0,1,pass,81,-7.7,-7.5,67.5,5,2,B:DATAC16=100.0/1
ab-floor,trunk,-3.82,0,1,pass,56,-7.6,-10.1,42.34,3,2,
ab-floor,emul,-3.82,0,2,pass,39,-7.6,-10.1,25.14,3,2,A:DATAC16=10.0/1 B:DATAC16=8.0/1
ab-floor,new,-3.82,0,2,pass,39,-7.6,-10.1,25.14,3,2,A:DATAC16=6.0/1 B:DATAC16=4.0/1
ab-floor,trunk,-3.82,0,2,pass,39,-7.6,-10.1,25.12,3,2,
ab-floor2,emul,-2.82,0,1,pass,51,-8.8,-11.1,36.76,4,2,A:DATAC16=10.0/1 B:DATAC16=10.0/1
ab-floor2,new,-2.82,0,1,pass,83,-8.7,-8.5,67.44,5,2,
ab-floor2,trunk,-2.82,0,1,pass,82,-8.7,-8.5,67.32,5,2,
ab-floor2,emul,-2.82,0,2,pass,82,-8.7,-8.5,67.4,5,2,
ab-floor2,new,-2.82,0,2,pass,82,-8.7,-8.5,67.52,5,2,
ab-floor2,trunk,-2.82,0,2,pass,82,-8.7,-8.5,67.3,5,2,
ab-floor2,emul,-1.82,0,1,pass,81,-9.7,-9.5,67.42,5,2,
ab-floor2,new,-1.82,0,1,pass,99,-9.7,-9.5,85.18,5,2,
ab-floor2,trunk,-1.82,0,1,pass,82,-9.7,-9.5,67.46,5,2,
ab-floor2,emul,-1.82,0,2,pass,81,-9.7,-9.5,67.52,5,2,
ab-floor2,new,-1.82,0,2,pass,82,-9.7,-9.5,67.42,5,2,
ab-floor2,trunk,-1.82,0,2,pass,82,-9.7,-9.5,67.54,5,2,
ab-floor2,emul,-0.82,0,1,pass,99,-10.7,-10.5,85.28,5,2,
ab-floor2,new,-0.82,0,1,pass,100,-10.7,-10.5,85.18,5,2,
ab-floor2,trunk,-0.82,0,1,pass,81,-10.7,-10.5,67.42,5,2,
ab-floor2,emul,-0.82,0,2,pass,81,-10.7,-10.5,67.44,5,2,
ab-floor2,new,-0.82,0,2,pass,81,-10.7,-10.5,67.54,5,2,
ab-floor2,trunk,-0.82,0,2,pass,99,-10.7,-10.5,85.36,5,2,
ab-floor2,emul,0.18,0,1,pass,82,-11.7,-11.5,67.3,5,2,
ab-floor2,new,0.18,0,1,pass,82,-11.7,-11.5,67.52,5,2,
ab-floor2,trunk,0.18,0,1,pass,99,-11.7,-11.5,85.38,5,2,
ab-floor2,emul,0.18,0,2,pass,99,-11.7,-11.5,85.32,5,2,
ab-floor2,new,0.18,0,2,pass,94,-11.6,-11.5,67.42,5,2,
ab-floor2,trunk,0.18,0,2,pass,81,-11.7,-11.5,67.5,5,2,
ab-floor2,emul,1.18,0,1,fail,111,-13.0,nan,86.24,5,0,
ab-floor2,new,1.18,0,1,fail,111,-13.0,nan,86.24,5,0,
ab-floor2,trunk,1.18,0,1,fail,111,-13.0,nan,86.24,5,0,
ab-floor2,emul,1.18,0,2,fail,111,-13.0,nan,86.24,5,0,
ab-floor2,new,1.18,0,2,fail,111,-13.0,nan,86.24,5,0,
ab-floor2,trunk,1.18,0,2,fail,111,-13.0,nan,86.24,5,0,
ab-floor2,emul,2.18,0,1,fail,110,-14.0,nan,86.26,5,0,
ab-floor2,new,2.18,0,1,fail,111,-14.0,nan,86.26,5,0,
ab-floor2,trunk,2.18,0,1,fail,111,-14.0,nan,86.24,5,0,
ab-floor2,emul,2.18,0,2,fail,111,-14.0,nan,86.24,5,0,
ab-floor2,new,2.18,0,2,fail,111,-14.0,nan,86.26,5,0,
ab-floor2,trunk,2.18,0,2,fail,111,-14.0,nan,86.24,5,0,
ab-mid,emul,-19.82,4,1,pass,63,5.2,5.7,40.52,5,4,A:DATAC16=1.0/4 B:DATAC16=1.0/1 B:DATAC3=2.0/1 B:DATAC1=6.0/1 B:DATAC17=9.5/4
ab-mid,new,-19.82,4,1,pass,71,5.0,5.7,42.76,5,4,A:DATAC16=1.0/4 B:DATAC16=1.0/1 B:DATAC3=1.0/1 B:DATAC1=3.3/9
ab-mid,trunk,-19.82,4,1,pass,63,5.2,5.7,40.86,5,4,
ab-mid,emul,-19.82,4,2,pass,63,5.2,5.7,40.92,5,4,A:DATAC16=1.0/4 B:DATAC16=1.0/1 B:DATAC3=1.0/1 B:DATAC1=5.0/1 B:DATAC17=9.2/4
ab-mid,new,-19.82,4,2,pass,62,5.2,5.7,40.52,5,4,A:DATAC16=1.0/4 B:DATAC16=1.0/1 B:DATAC3=1.0/1 B:DATAC1=3.0/1 B:DATAC17=5.8/4
ab-mid,trunk,-19.82,4,2,pass,63,5.2,5.7,40.82,5,4,
ab-mid,emul,-18.82,4,1,pass,71,4.0,4.7,42.82,5,4,A:DATAC16=1.0/4 B:DATAC16=1.0/1 B:DATAC3=2.0/1 B:DATAC1=7.4/9
ab-mid,new,-18.82,4,1,pass,71,4.0,4.7,42.52,5,4,A:DATAC16=1.0/4 B:DATAC16=1.0/1 B:DATAC3=1.0/1 B:DATAC1=4.8/9
ab-mid,trunk,-18.82,4,1,pass,70,4.0,4.7,42.48,5,4,
ab-mid,emul,-18.82,4,2,pass,70,4.0,4.7,42.48,5,4,A:DATAC16=1.0/4 B:DATAC16=1.0/1 B:DATAC3=2.0/1 B:DATAC1=7.3/9
ab-mid,new,-18.82,4,2,pass,71,4.0,4.7,42.56,5,4,A:DATAC16=1.0/4 B:DATAC16=1.0/1 B:DATAC3=1.0/1 B:DATAC1=4.2/9
ab-mid,trunk,-18.82,4,2,pass,70,4.0,4.7,42.52,5,4,
ab-mid,emul,-17.82,4,1,pass,70,3.0,3.7,42.48,5,4,A:DATAC16=1.0/4 B:DATAC16=1.0/1 B:DATAC3=3.0/1 B:DATAC1=9.2/9
ab-mid,new,-17.82,4,1,pass,70,3.0,3.7,42.48,5,4,A:DATAC16=1.0/4 B:DATAC16=1.0/1 B:DATAC3=1.0/1 B:DATAC1=6.0/9
ab-mid,trunk,-17.82,4,1,pass,71,3.0,3.7,42.5,5,4,
ab-mid,emul,-17.82,4,2,pass,70,3.0,3.7,42.48,5,4,A:DATAC16=1.0/4 B:DATAC16=1.0/1 B:DATAC3=3.0/1 B:DATAC1=9.3/9
ab-mid,new,-17.82,4,2,pass,70,3.0,3.7,42.8,5,4,A:DATAC16=1.0/4 B:DATAC16=1.0/1 B:DATAC3=1.0/1 B:DATAC1=6.3/9
ab-mid,trunk,-17.82,4,2,pass,70,3.0,3.7,42.5,5,4,
ab-mid,emul,-16.82,4,1,pass,108,2.0,2.7,97.54,8,7,A:DATAC16=1.0/6 B:DATAC16=1.0/1 B:DATAC3=4.0/1 B:DATAC1=10.0/14
ab-mid,new,-16.82,4,1,pass,71,2.0,2.7,42.46,5,4,A:DATAC16=1.0/4 B:DATAC16=1.0/1 B:DATAC3=2.0/1 B:DATAC1=10.7/9
ab-mid,trunk,-16.82,4,1,pass,71,2.0,2.7,42.46,5,4,
ab-mid,emul,-16.82,4,2,pass,183,2.1,2.9,78.72,7,5,A:DATAC16=1.0/4 B:DATAC16=1.0/1 B:DATAC3=3.3/38 B:DATAC1=10.0/1
ab-mid,new,-16.82,4,2,pass,70,2.0,2.7,42.48,5,4,A:DATAC16=1.0/4 B:DATAC16=1.0/1 B:DATAC3=1.0/1 B:DATAC1=11.8/9
ab-mid,trunk,-16.82,4,2,pass,71,2.0,2.7,42.68,5,4,
ab-mid-seeds,emul,-16.82,4,3,pass,71,2.0,2.7,42.52,5,4,A:DATAC16=1.0/4 B:DATAC16=1.0/1 B:DATAC3=3.0/1 B:DATAC1=10.0/9
ab-mid-seeds,new,-16.82,4,3,pass,71,2.0,2.7,42.74,5,4,A:DATAC16=1.0/4 B:DATAC16=1.0/1 B:DATAC3=2.0/1 B:DATAC1=11.7/9
ab-mid-seeds,trunk,-16.82,4,3,pass,71,2.0,2.7,42.5,5,4,
ab-mid-seeds,emul,-16.82,4,4,pass,183,2.1,2.9,79.04,7,5,A:DATAC16=1.0/4 B:DATAC16=1.0/1 B:DATAC3=3.4/38 B:DATAC1=10.0/1
ab-mid-seeds,new,-16.82,4,4,pass,70,2.0,2.7,42.48,5,4,A:DATAC16=1.0/4 B:DATAC16=1.0/1 B:DATAC3=2.0/1 B:DATAC1=10.7/9
ab-mid-seeds,trunk,-16.82,4,4,pass,71,2.0,2.7,42.54,5,4,
ab-mid-seeds,emul,-16.82,4,5,pass,183,2.1,2.9,78.74,7,5,A:DATAC16=1.0/4 B:DATAC16=1.0/1 B:DATAC3=3.3/38 B:DATAC1=10.0/1
ab-mid-seeds,new,-16.82,4,5,pass,71,2.0,2.7,42.8,5,4,A:DATAC16=1.0/4 B:DATAC16=1.0/1 B:DATAC3=2.0/1 B:DATAC1=16.4/9
ab-mid-seeds,trunk,-16.82,4,5,pass,70,2.0,2.7,42.5,5,4,
ab-mid-seeds,emul,-16.82,4,6,pass,91,2.0,2.7,81.14,7,6,A:DATAC16=1.0/6 B:DATAC16=1.0/1 B:DATAC3=3.0/1 B:DATAC1=10.0/11
ab-mid-seeds,new,-16.82,4,6,pass,71,2.0,2.7,42.52,5,4,A:DATAC16=1.0/4 B:DATAC16=1.0/1 B:DATAC3=2.0/1 B:DATAC1=10.6/9
ab-mid-seeds,trunk,-16.82,4,6,pass,70,2.0,2.7,42.5,5,4,
ab-mid-seeds,emul,-16.82,4,7,pass,183,2.1,2.9,78.76,7,5,A:DATAC16=1.0/4 B:DATAC16=1.0/1 B:DATAC3=3.3/38 B:DATAC1=10.0/1
ab-mid-seeds,new,-16.82,4,7,pass,70,2.0,2.7,42.46,5,4,A:DATAC16=1.0/4 B:DATAC16=1.0/1 B:DATAC3=1.0/1 B:DATAC1=10.8/9
ab-mid-seeds,trunk,-16.82,4,7,pass,70,2.0,2.7,42.88,5,4,
ab-mid-seeds,emul,-16.82,4,8,pass,89,2.0,2.7,75.14,6,5,A:DATAC16=1.0/5 B:DATAC16=1.0/1 B:DATAC3=3.0/1 B:DATAC1=10.0/12
ab-mid-seeds,new,-16.82,4,8,pass,71,2.0,2.7,42.48,5,4,A:DATAC16=1.0/4 B:DATAC16=1.0/1 B:DATAC3=2.0/1 B:DATAC1=10.3/9
ab-mid-seeds,trunk,-16.82,4,8,pass,70,2.0,2.7,42.48,5,4,
ab-mid2,emul,-15.82,4,1,pass,183,1.1,1.9,78.7,7,5,A:DATAC16=1.0/4 B:DATAC16=1.0/1 B:DATAC3=3.9/38 B:DATAC1=10.0/1
ab-mid2,new,-15.82,4,1,pass,78,1.0,1.7,54.32,6,5,A:DATAC16=1.0/4 B:DATAC16=1.0/1 B:DATAC3=2.0/1 B:DATAC1=45.0/10
ab-mid2,trunk,-15.82,4,1,pass,70,1.0,1.7,43.0,5,4,
ab-mid2,emul,-15.82,4,2,pass,183,1.1,1.9,79.1,7,5,A:DATAC16=1.0/4 B:DATAC16=1.0/1 B:DATAC3=4.2/38 B:DATAC1=10.0/1
ab-mid2,new,-15.82,4,2,pass,71,1.0,1.7,42.86,5,4,A:DATAC16=1.0/4 B:DATAC16=1.0/1 B:DATAC3=2.0/1 B:DATAC1=49.1/9
ab-mid2,trunk,-15.82,4,2,pass,81,1.0,1.7,75.36,6,5,
ab-mid2-seeds,emul,-15.82,4,3,pass,183,1.1,1.9,79.32,7,5,A:DATAC16=1.0/4 B:DATAC16=1.0/1 B:DATAC3=3.9/38 B:DATAC1=10.0/1
ab-mid2-seeds,new,-15.82,4,3,pass,71,1.0,1.7,42.6,5,4,A:DATAC16=1.0/4 B:DATAC16=1.0/1 B:DATAC3=2.0/1 B:DATAC1=33.4/9
ab-mid2-seeds,trunk,-15.82,4,3,pass,70,1.0,1.7,42.88,5,4,
ab-mid2-seeds,emul,-15.82,4,4,pass,183,1.1,1.9,78.98,7,5,A:DATAC16=1.0/4 B:DATAC16=1.0/1 B:DATAC3=4.0/38 B:DATAC1=10.0/1
ab-mid2-seeds,new,-15.82,4,4,pass,70,1.0,1.7,42.68,5,4,A:DATAC16=1.0/4 B:DATAC16=1.0/1 B:DATAC3=2.0/1 B:DATAC1=33.0/9
ab-mid2-seeds,trunk,-15.82,4,4,pass,71,1.0,1.7,42.7,5,4,
ab-mid2-seeds,emul,-15.82,4,5,pass,183,1.1,1.9,79.24,7,5,A:DATAC16=1.0/4 B:DATAC16=1.0/1 B:DATAC3=3.9/38 B:DATAC1=10.0/1
ab-mid2-seeds,new,-15.82,4,5,pass,70,1.0,1.7,42.68,5,4,A:DATAC16=1.0/4 B:DATAC16=1.0/1 B:DATAC3=2.0/1 B:DATAC1=28.3/9
ab-mid2-seeds,trunk,-15.82,4,5,pass,71,1.0,1.7,42.78,5,4,
ab-mid2-seeds,emul,-15.82,4,6,pass,183,1.1,1.9,79.04,7,5,A:DATAC16=1.0/4 B:DATAC16=1.0/1 B:DATAC3=4.3/38 B:DATAC1=10.0/1
ab-mid2-seeds,new,-15.82,4,6,pass,75,1.0,1.7,46.86,5,4,A:DATAC16=1.0/4 B:DATAC16=1.0/1 B:DATAC3=2.0/1 B:DATAC1=38.1/9
ab-mid2-seeds,trunk,-15.82,4,6,pass,70,1.0,1.7,42.72,5,4,
ab-mid2-seeds,emul,-15.82,4,7,pass,184,1.1,1.9,79.3,7,5,A:DATAC16=1.0/4 B:DATAC16=1.0/1 B:DATAC3=3.9/38 B:DATAC1=10.0/1
ab-mid2-seeds,new,-15.82,4,7,pass,71,1.0,1.7,42.56,5,4,A:DATAC16=1.0/4 B:DATAC16=1.0/1 B:DATAC3=2.0/1 B:DATAC1=29.7/9
ab-mid2-seeds,trunk,-15.82,4,7,pass,71,1.0,1.7,42.66,5,4,
ab-mid2-seeds,emul,-15.82,4,8,pass,183,1.1,1.9,79.08,7,5,A:DATAC16=1.0/4 B:DATAC16=1.0/1 B:DATAC3=3.8/38 B:DATAC1=10.0/1
ab-mid2-seeds,new,-15.82,4,8,pass,78,1.0,1.7,54.76,6,5,A:DATAC16=1.0/4 B:DATAC16=1.0/1 B:DATAC3=2.0/1 B:DATAC1=39.5/10
ab-mid2-seeds,trunk,-15.82,4,8,pass,81,1.0,1.7,75.68,6,5,
ab-mid2,emul,-14.82,4,1,pass,230,0.1,0.7,99.6,9,7,A:DATAC16=1.1/9 B:DATAC16=5.5/2 B:DATAC15=1.0/1 B:DATAC4=2.0/1 B:DATAC3=4.9/39 B:DATAC1=10.0/2
ab-mid2,new,-14.82,4,1,pass,202,0.1,0.8,77.84,7,6,A:DATAC16=1.0/7 B:DATAC16=50.5/2 B:DATAC15=1.0/1 B:DATAC4=1.0/1 B:DATAC3=2.4/39
ab-mid2,trunk,-14.82,4,1,pass,231,0.1,0.7,99.94,9,7,
ab-mid2,emul,-14.82,4,2,pass,231,0.1,0.7,99.6,9,7,A:DATAC16=1.0/9 B:DATAC16=5.5/2 B:DATAC15=1.0/1 B:DATAC4=2.0/1 B:DATAC3=4.7/39 B:DATAC1=10.0/2
ab-mid2,new,-14.82,4,2,pass,201,0.1,0.8,78.16,7,6,A:DATAC16=1.0/7 B:DATAC16=50.5/2 B:DATAC15=1.0/1 B:DATAC4=1.0/1 B:DATAC3=2.3/39
ab-mid2,trunk,-14.82,4,2,pass,230,0.1,0.7,99.52,9,7,
ab-mid2-seeds,emul,-14.82,4,3,pass,230,0.1,0.7,99.6,9,7,A:DATAC16=1.0/9 B:DATAC16=5.5/2 B:DATAC15=1.0/1 B:DATAC4=2.0/1 B:DATAC3=4.9/39 B:DATAC1=10.0/2
ab-mid2-seeds,new,-14.82,4,3,pass,230,0.1,0.7,99.76,9,7,A:DATAC16=1.0/9 B:DATAC16=50.5/2 B:DATAC15=1.0/1 B:DATAC4=1.0/1 B:DATAC3=2.3/39 B:DATAC1=100.0/2
ab-mid2-seeds,trunk,-14.82,4,3,pass,230,0.1,0.7,99.52,9,7,
ab-mid2-seeds,emul,-14.82,4,4,pass,231,0.1,0.7,99.5,9,7,A:DATAC16=1.0/9 B:DATAC16=5.5/2 B:DATAC15=1.0/1 B:DATAC4=2.0/1 B:DATAC3=5.0/39 B:DATAC1=10.0/2
ab-mid2-seeds,new,-14.82,4,4,pass,230,0.1,0.7,99.44,9,7,A:DATAC16=1.0/9 B:DATAC16=50.5/2 B:DATAC15=1.0/1 B:DATAC4=1.0/1 B:DATAC3=2.3/39 B:DATAC1=100.0/2
ab-mid2-seeds,trunk,-14.82,4,4,pass,230,0.1,0.7,99.48,9,7,
ab-mid2-seeds,emul,-14.82,4,5,pass,169,0.1,0.8,88.98,6,5,A:DATAC16=1.0/4 B:DATAC16=1.0/1 B:DATAC3=5.1/37
ab-mid2-seeds,new,-14.82,4,5,pass,165,0.1,0.9,84.6,6,5,A:DATAC16=1.0/4 B:DATAC16=1.0/1 B:DATAC3=2.3/37
ab-mid2-seeds,trunk,-14.82,4,5,pass,165,0.1,0.9,84.58,6,5,
ab-mid2-seeds,emul,-14.82,4,6,pass,202,0.2,0.8,77.88,7,6,A:DATAC16=1.0/7 B:DATAC16=5.5/2 B:DATAC15=1.0/1 B:DATAC4=2.0/1 B:DATAC3=4.9/39
ab-mid2-seeds,new,-14.82,4,6,pass,165,0.1,0.9,84.88,6,5,A:DATAC16=1.0/4 B:DATAC16=1.0/1 B:DATAC3=2.3/37
ab-mid2-seeds,trunk,-14.82,4,6,pass,165,0.1,0.9,84.48,6,5,
ab-mid2-seeds,emul,-14.82,4,7,pass,231,0.1,0.7,99.36,8,7,A:DATAC16=1.1/9 B:DATAC16=5.5/2 B:DATAC15=1.0/1 B:DATAC4=2.0/1 B:DATAC3=4.7/39 B:DATAC1=10.0/2
ab-mid2-seeds,new,-14.82,4,7,pass,231,0.1,0.7,99.5,8,7,A:DATAC16=1.0/9 B:DATAC16=50.5/2 B:DATAC15=1.0/1 B:DATAC4=1.0/1 B:DATAC3=2.3/39 B:DATAC1=100.0/2
ab-mid2-seeds,trunk,-14.82,4,7,pass,231,0.1,0.7,99.4,8,7,
ab-mid2-seeds,emul,-14.82,4,8,pass,203,0.1,0.8,79.3,7,5,A:DATAC16=1.0/7 B:DATAC16=1.0/1 B:DATAC3=4.9/37 B:DATAC1=10.0/2
ab-mid2-seeds,new,-14.82,4,8,pass,165,0.1,0.9,84.6,6,5,A:DATAC16=1.0/4 B:DATAC16=1.0/1 B:DATAC3=2.3/37
ab-mid2-seeds,trunk,-14.82,4,8,pass,203,0.1,0.8,79.32,7,5,
ab-mid2,emul,-13.82,4,1,pass,201,-0.8,-0.2,77.9,7,6,A:DATAC16=1.3/7 B:DATAC16=5.5/2 B:DATAC15=1.0/1 B:DATAC4=2.0/1 B:DATAC3=5.6/39
ab-mid2,new,-13.82,4,1,pass,202,-0.9,-0.2,77.88,7,6,A:DATAC16=1.0/7 B:DATAC16=50.5/2 B:DATAC15=1.0/1 B:DATAC4=1.0/1 B:DATAC3=3.1/39
ab-mid2,trunk,-13.82,4,1,pass,202,-0.8,-0.2,77.9,7,6,
ab-mid2,emul,-13.82,4,2,pass,202,-0.9,-0.2,77.86,7,6,A:DATAC16=1.0/7 B:DATAC16=5.5/2 B:DATAC15=2.0/1 B:DATAC4=3.0/1 B:DATAC3=5.9/39
ab-mid2,new,-13.82,4,2,pass,202,-0.9,-0.2,78.2,7,6,A:DATAC16=1.0/7 B:DATAC16=50.5/2 B:DATAC15=1.0/1 B:DATAC4=1.0/1 B:DATAC3=3.2/39
ab-mid2,trunk,-13.82,4,2,pass,201,-0.9,-0.2,77.88,7,6,
