EsNo_dB,C_leg10,C_leg50,C_sp50,C_nms50,M_bp50,M_nms50,C_leg10_fixedEsNo,C_nms50_fixedEsNo,C_nms16_50,C_spt50
-3.01029995663981,0.925,0.9,0.9,0.85,0.9,0.9,0.925,0.85,0.925,0.9
-2.51029995663981,0.766666666666667,0.683333333333333,0.683333333333333,0.666666666666667,0.683333333333333,0.733333333333333,0.783333333333333,0.666666666666667,0.683333333333333,0.683333333333333
-2.01029995663981,0.6,0.566666666666667,0.566666666666667,0.566666666666667,0.566666666666667,0.55,0.683333333333333,0.566666666666667,0.566666666666667,0.566666666666667
-1.51029995663981,0.36,0.35,0.35,0.37,0.35,0.38,0.4,0.37,0.38,0.35
-1.01029995663981,0.211111111111111,0.188888888888889,0.188888888888889,0.205555555555556,0.177777777777778,0.216666666666667,0.288888888888889,0.205555555555556,0.2,0.177777777777778
-0.510299956639812,0.127083333333333,0.06875,0.0625,0.0833333333333333,0.06875,0.104166666666667,0.147916666666667,0.0833333333333333,0.0895833333333333,0.06875
-0.0102999566398121,0.0666666666666667,0.035,0.035,0.0516666666666667,0.035,0.0683333333333333,0.0883333333333333,0.0516666666666667,0.0533333333333333,0.035
0.489700043360188,0.03,0.0166666666666667,0.0166666666666667,0.0233333333333333,0.0183333333333333,0.0233333333333333,0.0266666666666667,0.0233333333333333,0.0216666666666667,0.0166666666666667
0.989700043360188,0.00833333333333333,0.005,0.005,0.00666666666666667,0.005,0.005,0.01,0.00666666666666667,0.00666666666666667,0.005
