EsNo_dB,C_leg10,C_leg50,C_sp50,C_nms50,M_bp50,M_nms50,C_leg10_fixedEsNo,C_nms50_fixedEsNo,C_nms16_50,C_spt50,C_leg100_fixedEsNo,C_nms16_100,C_spt100
-2.21848749616356,1,1,1,1,1,1,1,1,1,1,1,1,1
-1.71848749616356,1,1,1,1,1,1,1,1,1,1,1,1,1
-1.21848749616356,1,0.975,0.975,1,0.975,1,1,1,1,0.975,1,1,0.95
-0.718487496163564,1,0.00166666666666667,0.00166666666666667,0.776666666666667,0.00333333333333333,0.25,1,0.778333333333333,0.648333333333333,0.00166666666666667,1,0.538333333333333,0.00166666666666667
-0.218487496163564,0.833333333333333,0,0,0,0,0.005,1,0,0,0,1,0,0
0.281512503836436,0.055,0,0,0,0,0,1,0,0,0,1,0,0
0.781512503836436,0.01,0,0,0,0,0,1,0,0,0,1,0,0
1.28151250383644,0,0,0,0,0,0,1,0,0,0,1,0,0
1.78151250383644,0,0,0,0,0,0,1,0,0,0,1,0,0
